id;escola;coordenadoria_id;turno;escola_id;serie;turno_id
1;EETI Antonio Teles de Souza;1;Integral;1;;
2;EETI Hermenegildo de Campos;1;Integral;2;;
3;Ceja Profa. Jacira Caboclo;1;Matutino;3;;
4;EE Getulio Vargas;1;Vespertino;3;;
5;EETI Helena Araujo;1;Noturno;3;;
6;EE Izabel Barroncas;1;Matutino;4;;
7;EE Marcio Nery;1;Vespertino;4;;
8;EE Padre Agostinho Martin;1;Noturno;4;;
9;EETI Conego Azevedo;1;Integral;5;;
10;EE Nossa Senhora Aparecida;1;Matutino;6;;
11;EE Vicente Schettini;1;Vespertino;6;;
12;EE Prof. Antenor Sarmento;1;Noturno;6;;
13;EE Princeza Isabel;1;Matutino;7;;
14;EE Profa. Eunice Serrano Telles de Souza;1;Vespertino;7;;
15;EETI Ribeiro da Cunha;1;Noturno;7;;
16;Instituto de Educacao do Amazonas;1;Matutino;8;;
17;Colegio Amazonense Dom Pedro II;1;Vespertino;8;;
18;Colegio Brasileiro Pedro Silvestre;1;Noturno;8;;
19;EE Barao do Rio Branco;1;Integral;9;;
20;EE Augusto Carneiro dos Santos;1;Matutino;10;;
21;EE Diofanto Vieira Monteiro;1;Vespertino;10;;
22;EE Frei Silvio Vagheggi;1;Noturno;10;;
23;EE Farias Britto;1;Matutino;11;;
24;EE Prof. Francisco Das Chagas de Souza Albuquerque;1;Vespertino;11;;
25;Ceja Prof. Paulo Freire;1;Noturno;11;;
26;EE Luizinha Nascimento;1;Matutino;12;;
27;EE Placido Serrano;1;Vespertino;12;;
28;EE 1º de Maio;1;Noturno;12;;
29;EE Santa Luzia;1;Matutino;13;;
30;EE Balbina Mestrinho;1;Vespertino;13;;
31;EE Carvalho Leal;1;Noturno;13;;
32;EE Euclydes da Cunha;1;Matutino;14;;
33;EE Ruy Araujo;1;Vespertino;14;;
34;EE Manoel Marcal de Araujo;1;Noturno;14;;
35;EE Giovanni Figliuolo;1;Integral;15;;
36;EE Almirante Ernesto Mello Baptista;2;Matutino;16;;
37;EE Estelita Tapajos;2;Vespertino;16;;
38;EETI Machado de Assis;2;Noturno;16;;
39;EE Monteiro de Souza;2;Matutino;17;;
40;CETI Gilberto Mestrinho de Medeiros Raposo;2;Vespertino;17;;
41;EE Profa. Diana Pinheiro;2;Noturno;17;;
42;EE J. G. Araujo;2;Matutino;18;;
43;EE Alfredo Campos;2;Vespertino;18;;
44;EE Lucinda Felix de Azevedo;2;Noturno;18;;
45;EE Luis de Camoes;2;Matutino;19;;
46;EE Nathalia Uchoa;2;Vespertino;19;;
47;EE Profa. Ondina de Paula Ribeiro;2;Noturno;19;;
48;EE Prof. Benicio Leao;2;Matutino;20;;
49;EE Nossa Senhora da Divina Providencia;2;Vespertino;20;;
50;EE Prof. Nelson Alves Ferreira;2;Noturno;20;;
51;EE Milburges Araujo;2;Matutino;21;;
52;EE Senador Cunha Melo;2;Vespertino;21;;
53;EETI Isaac Benzecry;2;Noturno;21;;
54;EE Mestre Otilio;2;Matutino;22;;
55;EETI Profa. Roxana Pereira Bonessi;2;Vespertino;22;;
56;EE Major Silva Coutinho;2;Noturno;22;;
57;EE Sant Ana;2;Matutino;23;;
58;EETI Prof. Djalma da Cunha Batista;2;Vespertino;23;;
59;Colegio Militar da Policia Militar do Amazonas;2;Noturno;23;;
60;EE Tiradentes;2;Matutino;24;;
61;EETI Profa. Jacimar da Silva Gama;2;Vespertino;24;;
62;Anexo do Colegio Militar da Policia Militar do Amazonas I;2;Noturno;24;;
63;EE Bom Pastor;2;Matutino;25;;
64;EE Dorval Porto;2;Vespertino;25;;
65;EETI Jose Carlos Mestrinho;2;Noturno;25;;
66;EE Adalberto Vale;2;Matutino;26;;
67;EE Antonio de Lucena Bittencourt;2;Vespertino;26;;
68;EE Paula Angela Frassinetti;2;Noturno;26;;
69;EE Leopoldo Neves;2;Matutino;27;;
70;EETI Madre Tereza de Calcuta;2;Vespertino;27;;
71;EE Brig. Joao Camarao Telles Ribeiro;2;Noturno;27;;
72;EE Senador Antovila Mourao Vieira;2;Matutino;28;;
73;Anexo EE Jacimar S Gama;2;Vespertino;28;;
74;EE Solon de Lucena;3;Noturno;28;;
75;EE Vicente Telles;3;Matutino;29;;
76;EE Maria da Luz Calderaro;3;Vespertino;29;;
77;EETI Maria Rodrigues Tapajos;3;Noturno;29;;
78;EE Tereza de Jesus Azevedo de Vasconcelos Dias;3;Matutino;30;;
79;EE Thome de Medeiros Raposo;3;Vespertino;30;;
80;EETI Santa Terezinha;3;Noturno;30;;
81;EE Angelo Ramazzotti;3;Matutino;31;;
82;EE de Atendimento Especial Mayara Redman Abdel;3;Vespertino;31;;
83;EE Menino Jesus de Praga;3;Noturno;31;;
84;EE Olga Falcone;3;Matutino;32;;
85;EE Aderson de Menezes;3;Vespertino;32;;
86;EE Profa. Alice Salerno Gomes de Lima;3;Noturno;32;;
87;EETI Altair Severiano Nunes;3;Matutino;33;;
88;EE Profa. Leonilia Marinho;3;Vespertino;33;;
89;EE Profa. Alda Barata;3;Noturno;33;;
90;EE Ten. Coronel Candido Jose Mariano;3;Matutino;34;;
91;EETI Francisca Botinelly Cunha E Silva;3;Vespertino;34;;
92;EETI Goncalves Dias;3;Noturno;34;;
93;EE Maria Amelia do Espirito Santo;3;Matutino;35;;
94;EETI Senador Petronio Portella;3;Vespertino;35;;
95;EE Raimundo Gomes Nogueira;3;Noturno;35;;
96;EE Rosina Ferreira da Silva;3;Matutino;36;;
97;EE Humberto de Campos;3;Vespertino;36;;
98;EE Francelina Dantas;3;Noturno;36;;
99;EE Senador Manuel Severiano Nunes;3;Matutino;37;;
100;EETI Maria de Lourdes Rodrigues Arruda;3;Vespertino;37;;
101;EE Prof. Waldir Garcia;3;Noturno;37;;
102;Anexo da EE Josephina de Melo - Dagmar Feitosa;3;Integral;38;;
103;Anexo da EE Josephina de Melo - Marise Mendes;3;Matutino;39;;
104;EE Profa. Adelaide Tavares de Macedo;3;Vespertino;39;;
105;EE Terezinha Almeida da Silva;3;Noturno;39;;
106;Anexo da EE Josephina de Melo - Raimundo Parente;3;Integral;40;;
107;EETI Almirante Barroso;3;Matutino;41;;
108;EE Arthur Araujo;3;Vespertino;41;;
109;EE Herbert Palhano;3;Noturno;41;;
110;EETI Profa Leonor Santiago Mourao;3;Matutino;42;;
111;EETI Nossa Senhora Das Gracas;3;Vespertino;42;;
112;EE Jose Bentes Monteiro;3;Noturno;42;;
113;EE Simon Bolivar;3;Matutino;43;;
114;Ceja Prof. Agenor Ferreira Lima;3;Vespertino;43;;
115;EE Amelia Bittencourt Cardinale;4;Noturno;43;;
116;EE Benjamin Magalhaes Brandao;4;Matutino;44;;
117;EE Duque de Caxias;4;Vespertino;44;;
118;EE Senador Flavio da Costa Brito;4;Noturno;44;;
119;EE Julia Bittencourt;4;Matutino;45;;
120;EE Pe Pedro Gislandy;4;Vespertino;45;;
121;EE Waldemiro Peres Lustoza;4;Noturno;45;;
122;EE Joao Bosco Pantoja Evangelista;4;Matutino;46;;
123;EE Coronel Pedro Camara;4;Vespertino;46;;
124;EE Fueth Paulo Mourao;4;Noturno;46;;
125;EE General Sampaio;4;Matutino;47;;
126;EE Isaac Benayon Sabba;4;Vespertino;47;;
127;EE Presidente Castelo Branco;4;Noturno;47;;
128;EETI Zulmira Bittencourt;4;Matutino;48;;
129;EE Agnello Bittencourt;4;Vespertino;48;;
130;CETI Aurea Pinheiro Braga;4;Noturno;48;;
131;EETI Liberalina Weill;4;Matutino;49;;
132;EETI Governador Melo Povoas;4;Vespertino;49;;
133;EE Santo Antonio;4;Noturno;49;;
134;EE Antonio Bittencourt;4;Matutino;50;;
135;EE Joanna Rodrigues Vieira;4;Vespertino;50;;
136;EE Nª Sª da Gloria;4;Noturno;50;;
137;EETI Marques de Santa Cruz;4;Matutino;51;;
138;EE Olavo Bilac;4;Vespertino;51;;
139;EE Pedro Silvestre;4;Noturno;51;;
140;EE Sao Luiz de Gonzaga;4;Matutino;52;;
141;EE Marechal Hermes;4;Vespertino;52;;
142;EETI Irma Adonai Politi;4;Noturno;52;;
143;EE Antonio da Encarnacao Filho;4;Integral;53;;
144;EE Prof. Jose Ribamar da Costa;4;Matutino;54;;
145;EE Itacyara Nogueira Pinho;4;Vespertino;54;;
146;EE Alfredo Fernandes;4;Noturno;54;;
147;EE Samsung Amazonas;4;Integral;55;;
148;EE Profa. Bernardete do Socorro Trindade da Rocha;5;Matutino;56;;
149;EE Dr Isaac Sverner;5;Vespertino;56;;
150;EE Dom Jacson Damasceno Rodrigues;5;Noturno;56;;
151;EE Roderick de Castello Branco;5;Matutino;57;;
152;EE Ernesto Penafort;5;Vespertino;57;;
153;EE Prof. Jorge Karam Neto;5;Noturno;57;;
154;EE Prof. Rofran Belchior da Silva;5;Integral;58;;
155;EE Gilberto Mestrinho;5;Matutino;59;;
156;EE Manuel Antonio de Souza;5;Vespertino;59;;
157;EE Jairo da Silva Rocha;5;Noturno;59;;
158;EE Prof. Ernane Nascimento Simao;5;Matutino;60;;
159;EE Aurea Pinheiro Braga;5;Vespertino;60;;
160;EETI Irma Gabrielle Cogels;5;Noturno;60;;
161;Anexo da EE Irma Gabrielle Cogels;5;Integral;61;;
162;EE Prof. Aristoteles Comte de Alencar;5;Matutino;62;;
163;EE Cacilda Braule Pinto;5;Vespertino;62;;
164;EE Dep Josue Claudio de Souza;5;Integral;62;;
165;EETI Profa Maria Arminda Guimaraes de Andrade;5;Matutino;63;;
166;EE Profa. Myrthes Marques Trigueiro;5;Vespertino;63;;
167;EE Prof. Reinaldo Thompson;5;Noturno;63;;
168;EE Prof. Antonio Maurity Monteiro Coelho;5;Matutino;64;;
169;EE Maria Teixeira Goes;5;Vespertino;64;;
170;EE Padre Luis Ruas;5;Noturno;64;;
171;EE Antonio Nunez Jimenez;5;Integral;65;;
172;EETI Maria Madalena Santana de Lima;5;Matutino;66;;
173;EE Rilton Leal Filho;5;Vespertino;66;;
174;EE Manuel Rodrigues de Souza;5;Noturno;66;;
175;EE Benedito Almeida;5;Matutino;67;;
176;EE Vasco Vasques;5;Vespertino;67;;
177;EE Prof. Cleomenes do Carmo Chaves;5;Noturno;67;;
178;EE Prof. Demostenes Belduque Araujo Travessa;5;Matutino;68;;
179;EE Profa. Cecilia Ferreira da Silva;5;Vespertino;68;;
180;CETI Elisa Bessa Freire;5;Noturno;68;;
181;CETI Profa. Cinthia Regia Gomes Do Livramento;5;Matutino;69;;
182;CETI Eng. Prof. Sergio Alfredo Pessoa Figueiredo;5;Vespertino;69;;
183;Anexo da EE Prof Cleomenes Do Carmo Chaves III;5;Noturno;69;;
184;EE Elira Pinheiro;6;Integral;70;;
185;EE Leticio de Campos Dantas;6;Matutino;71;;
186;EE Profa. Wilma Vitoriano Geber;6;Vespertino;71;;
187;EE Frei Mario Monacelli;6;Noturno;71;;
188;EE D. Milton Correa Pereira;6;Matutino;72;;
189;EE Profa. Lenina Ferraro da Silva;6;Vespertino;72;;
190;EE Profa. Hilda de Azevedo Tribuzy;6;Noturno;72;;
191;EE Senador Joao Bosco Ramos de Lima;6;Matutino;73;;
192;EE Desembargador Andre Vidal de Araujo;6;Vespertino;73;;
193;EE Dom Joao de Souza Lima;6;Noturno;73;;
194;EE Dr Jose Milton Bandeira;6;Matutino;74;;
195;EE Francisca de Paula de Jesus Izabel;6;Vespertino;74;;
196;EE Homero de Miranda Leao;6;Noturno;74;;
197;EETI Maria do Ceu Vaz D'Oliveira;6;Matutino;75;;
198;EETI Cid Cabral da Silva;6;Vespertino;75;;
199;EE Profa. Sebastiana Braga;6;Noturno;75;;
200;EETI Marcantonio Vilaca;6;Matutino;76;;
201;EE Prof. Julio Cesar de Moraes Passos;6;Vespertino;76;;
202;EE Profa. Ruth Prestes Goncalves;6;Noturno;76;;
203;EE Raio de Sol;6;Integral;77;;
204;EE Marcantonio Vilaca Ii;6;Matutino;78;;
205;EE Engº Arthur Amorim;6;Vespertino;78;;
206;EE Osmar Pedrosa;6;Noturno;78;;
207;EE Prof. Jose Bernardino Lindoso;6;Matutino;79;;
208;EE Prof. Juracy Batista Gomes;6;Vespertino;79;;
209;EE Belarmino Marreiro;6;Noturno;79;;
210;EE Raimunda Holanda de Souza;6;Integral;80;;
211;EE Prof. Waldocke Fricke de Lyra;7;Matutino;81;;
212;CETI Prof. Garcitylzo Do Lago E Silva;7;Vespertino;81;;
213;EE Profa. Karla Patricia Barros de Azevedo;7;Noturno;81;;
214;EE Inspetora Dulcineia Varela Moura;7;Matutino;82;;
215;EE Arlindo Vieira dos Santos;7;Vespertino;82;;
216;Anexo da EE Arlindo Vieira dos Santos - I;7;Noturno;82;;
217;EETI Rafaiel Henrique Pinheiro dos Santos;7;Matutino;83;;
218;EE Profa. Ana Lucia de Moraes Costa E Silva;7;Vespertino;83;;
219;CETI Dra Zilda Arns Neumann;7;Noturno;83;;
220;EE Eliana Socorro Pacheco Braga;7;Matutino;84;;
221;EE Profa. Eliana de Freitas Morais;7;Vespertino;84;;
222;EE Senador Evandro Das Neves Carreira;7;Noturno;84;;
223;CETI Dariana Zuleica Correa Lopes;7;Matutino;85;;
224;CETI Joao Dos Santos Braga;7;Vespertino;85;;
225;EETI Profa. Lecita Fonseca Ramos;7;Noturno;85;;
226;EE Antogildo Pascoal Viana;7;Matutino;86;;
227;EE Sebastiao Noroes;7;Vespertino;86;;
228;EE Prof. Dorval Varela Moura;7;Noturno;86;;
229;EE Ernesto Pinho Filho;7;Integral;87;;
230;EE Prof. Samuel Benchimol;7;Matutino;88;;
231;EE Prof. Ruy Alencar;7;Vespertino;88;;
232;EE Prof. Roberto dos Santos Vieira;7;Noturno;88;;
233;EE Prof. Sebastiao Augusto Loureiro Filho;7;Matutino;89;;
234;EE Profa. Tereza Siqueira Tupinamba;7;Vespertino;89;;
235;EE Profa. HaydEE Cabral Lyra;7;Noturno;89;;
236;EE Senador Jefferson Carpinteiro Peres;7;Matutino;90;;
237;EE Ayrton Senna;7;Vespertino;90;;
238;EE Ana Neire Marques da Silva;7;Noturno;90;;
239;EE Dra Zilda Arns Neumann;7;Integral;91;;
240;Centro Educacional Arthur Virgilio Filho;7;Integral;92;;
241;EE Prof. Octavio Mourao;7;Matutino;93;;
242;Anexo da EE Ayrton Senna;7;Vespertino;93;;
243;EE Prof. Gilberto Mestrinho;8;Noturno;93;;
244;EE Prof. Johannes Petrus;8;Integral;94;;
245;EE Senador Fabio Lucena;8;Matutino;95;;
246;EE Amatura;9;Vespertino;95;;
247;EE Indigena Manuel Joaquim Saldanha Filho Tchaiareecu;9;Noturno;95;;
248;EE Duque de Caxias;10;Matutino;96;;
249;EE Jesuina Regis;10;Vespertino;96;;
250;EE Maria Nogueira Marques;10;Noturno;96;;
251;EE Tancredo Neves;10;Matutino;97;;
252;EE Alcinda Pinheiro Costa;10;Vespertino;97;;
253;EE Almerinda Nogueira Uchoa Izel;11;Noturno;97;;
254;EE Eurico Gaspar Dutra;11;Matutino;98;;
255;EETI Presidente Costa E Silva;11;Vespertino;98;;
256;EE Prof. Gilberto Mestrinho;12;Noturno;98;;
257;EE Profa. Maria Curtarelli Lira;12;Matutino;99;;
258;EE Carmozina Baima de Almeida;13;Vespertino;99;;
259;EE Pio Veiga;13;Noturno;99;;
260;EE Profa. Tereza Lemos de Oliveira Santos;13;Integral;100;;
261;EE Marechal Castello Branco;13;Matutino;101;;
262;EE Tenente Rufino;13;Vespertino;101;;
263;EE Izaura Torres da Silva;14;Noturno;101;;
264;EE Raymundo Sa;14;Matutino;102;;
265;EE Vidal Gomes de Melo;14;Vespertino;102;;
266;EE Maria Emilia Martins Mestrinho de Medeiros Raposo;14;Noturno;102;;
267;EE Pedro Santarem Penalber;14;Matutino;103;;
268;EE Novo Ceu;14;Vespertino;103;;
269;Anexo da EE Raymundo Sa;14;Noturno;103;;
270;EE Angelina Palheta Mendes;15;Matutino;104;;
271;EE Pe Joao Badalotti;15;Vespertino;104;;
272;EE Sao Francisco de Sales;15;Noturno;104;;
273;EE Prof. Octaviano Cardoso;16;Matutino;105;;
274;EE Padre Seixas;16;Vespertino;105;;
275;EE Antonio Belchior Cabral;16;Noturno;105;;
276;EETI Profª Maria Belem;16;Matutino;106;;
277;EE Senador Joao Bosco;16;Vespertino;106;;
278;EE Nilo Pereira;16;Noturno;106;;
279;EE Julio Cesar da Costa;16;Integral;107;;
280;EE Jacy Dutra;16;Matutino;108;;
281;EE Coronel Raymundo Cunha;17;Vespertino;108;;
282;EE Nossa Senhora da Imaculada Conceicao;17;Noturno;108;;
283;EE Profa. Rosa Cruz;17;Matutino;109;;
284;EE Indigena Cacique Manuel Florentino Mecuracu;17;Vespertino;109;;
285;EE Indigena Prof. Gildo Sampaio Megatanucu;17;Noturno;109;;
286;EE Indigena Profª. Daria Gabriel Quirino;17;Integral;110;;
287;CETI Prof. Aristelio Sabino de Oliveira;17;Integral;111;;
288;EE Getulio Vargas;18;Matutino;112;;
289;EE Prof. Gilberto Mestrinho;18;Vespertino;112;;
290;EETI Euclides Correa Vieira;18;Noturno;112;;
291;EE Senador Jose Esteves;19;Matutino;113;;
292;EE Prof. Raimundo Benedito Costa;19;Vespertino;113;;
293;EE Darcy Augusto Michiles;19;Noturno;113;;
294;EE Profa. Gercilia Barbosa Sampaio;19;Matutino;114;;
295;EE Almirante Barroso;20;Vespertino;114;;
296;EE Barao de Boca do Acre;20;Noturno;114;;
297;EE Cel Jose de Assuncao;20;Matutino;115;;
298;EETI Danilo Correa;20;Vespertino;115;;
299;EE Jacinto Ale;20;Noturno;115;;
300;EE Joao Gabriel;20;Matutino;116;;
301;EE Jose Leite;20;Vespertino;116;;
302;EE Lucas Pena;20;Noturno;116;;
303;EE N.ª S.ª Aparecida;20;Matutino;117;;
304;EETI Prof. Antonio Jose Bernardo Vasconcelos;20;Vespertino;117;;
305;CETI Boca do Acre;20;Noturno;117;;
306;EETI Balbina Mestrinho;21;Matutino;118;;
307;EE Benedito Gumercindo de Souza;21;Vespertino;118;;
308;EE Conego Bento Jose de Souza;21;Noturno;118;;
309;EE Joao Ferreira da Fonseca;21;Matutino;119;;
310;EE Lothar Sussman;21;Vespertino;119;;
311;EE Monsenhor Coutinho;21;Noturno;119;;
312;EE Nossa Senhora do Rosario;21;Matutino;120;;
313;EE Prof. Lourenco Rodrigues da Motta;21;Vespertino;120;;
314;EE Senador Alvaro Maia;21;Noturno;120;;
315;EE Indigena Ester Caldeira Cardoso;21;Matutino;121;;
316;EE Indigena Laranjal;21;Vespertino;121;;
317;EE Indigena Agostinho de Goes;21;Noturno;121;;
318;CETI Jose Holanda Cavalcante;21;Matutino;122;;
319;EE Carmina de Castro;22;Vespertino;122;;
320;EE Hermogenes Saraiva;22;Noturno;122;;
321;EE Justina Pires Nogueira;22;Matutino;123;;
322;EE Tancredo de Almeida Neves;23;Vespertino;123;;
323;EE Frei Isidoro Irigoyen Unanua;23;Noturno;123;;
324;EE Belarmino Gomes de Albuquerque;24;Matutino;124;;
325;EE Cel Alfredo Marques da Silveira;24;Vespertino;124;;
326;EE Profa. Nazare Varela;24;Noturno;124;;
327;EE Sao Jose;24;Matutino;125;;
328;EE Nair Alves da Silva;24;Vespertino;125;;
329;EE Osvaldo Nascimento;24;Noturno;125;;
330;EETI Sergio Rufino de Oliveira;24;Matutino;126;;
331;EETI Carauari;24;Vespertino;126;;
332;EE Saturnino Maraes Neto;24;Noturno;126;;
333;CETI Prof. Pedro Alves Da Silva;24;Matutino;127;;
334;EE Marcal Machado Girao;25;Vespertino;127;;
335;EE Pedro dos Santos;25;Noturno;127;;
336;EE Thome Ferreira Santiago;25;Integral;128;;
337;EE Senador Fabio Lucena;25;Matutino;129;;
338;CETI Profa. Maria Adelaide Marinho Hortencia;25;Vespertino;129;;
339;EE Cel. Fiuza;26;Noturno;129;;
340;EE Tancredo de Almeida Neves;26;Integral;130;;
341;EE Vital de Andrade Brandao;26;Integral;131;;
342;EE Antonio Ferreira Guedes;26;Integral;132;;
343;EE Alberto Santos Migueis;26;Matutino;133;;
344;EE Tiburcio Alves Mogeiro;26;Vespertino;133;;
345;EE Diamantina Ribeiro de Oliviera;27;Noturno;133;;
346;EE Dom Mario;27;Matutino;134;;
347;EE Francisco Lopes Braga;27;Vespertino;134;;
348;EE Ines de Nazare Vieira;27;Noturno;134;;
349;EE Iraci Leitao;27;Matutino;135;;
350;EE Joao Vieira;27;Vespertino;135;;
351;EE N. S. Perpetuo Socorro;27;Noturno;135;;
352;EE Presidente Kennedy;27;Matutino;136;;
353;EE Prof. Gilberto Mestrinho;27;Vespertino;136;;
354;EE Thome de Medeiros Raposo;27;Noturno;136;;
355;Instituto Bereano de Coari;27;Integral;137;;
356;EE Francisca Evangelista da Silva;27;Matutino;138;;
357;EE Maria Almeida do Nascimento;27;Vespertino;138;;
358;EE Prefeito Alexandre Montoril;27;Noturno;138;;
359;CETI Prof. Manuel Vicente Ferreira Lima;27;Matutino;139;;
360;EE Prof. Gilberto Mestrinho de Medeiros Raposo;28;Vespertino;139;;
361;EE Jose Melo de Oliveira;28;Noturno;139;;
362;EE Rodrigo Costa;28;Matutino;140;;
363;EE Costa E Silva;28;Vespertino;140;;
364;EE Wilson Garcia Bastos;28;Noturno;140;;
365;EE Indigena Prof. Luiz Gonzaga de Souza Filho;28;Matutino;141;;
366;CETI José de Araújo Rodrigues;28;Vespertino;141;;
367;EE Presidente Eurico Gaspar Dutra;29;Noturno;141;;
368;EE Francisca Mendes;29;Integral;142;;
369;EE Nossa Senhora de Fatima;29;Matutino;143;;
370;EE Dom Bosco;29;Vespertino;143;;
371;EE Joao Conrado;29;Noturno;143;;
372;EE Nossa Senhora Das Dores;29;Matutino;144;;
373;EE Conrado Pinto Gomes;29;Vespertino;144;;
374;CETI Prof. Neuza Alves Barroso;29;Noturno;144;;
375;EE Armando Mendes;30;Matutino;145;;
376;EETI Benedita Barbosa de Souza;30;Vespertino;145;;
377;EE Presidente Castello Branco;30;Noturno;145;;
378;EE Prof. Chagas Mattos;30;Matutino;146;;
379;EE Armando Mendes;31;Vespertino;146;;
380;EE N. S. Guadalupe;31;Noturno;146;;
381;EE Sao Jose;31;Matutino;147;;
382;EE Waldemarina Ferreira;31;Vespertino;147;;
383;EE Zulmira Lima Lins;31;Noturno;147;;
384;CETI Professora Naide Lins de Albuquerque;31;Matutino;148;;
385;EE Jose Carlos Martins de Medeiros Raposo;32;Vespertino;148;;
386;EE Prof. Jose Elno Ferreira de Souza;32;Noturno;148;;
387;EE Profa. Candida Souto;33;Matutino;149;;
388;EE Alvaro Maia;33;Vespertino;149;;
389;EE Duque de Caxias;33;Noturno;149;;
390;EE Oswaldo Cruz;33;Matutino;150;;
391;EE Patronato Maria Auxiliadora;33;Vespertino;150;;
392;EE Governador Plinio Ramos Coelho;33;Noturno;150;;
393;EE Indigena Kwatijariga;33;Matutino;151;;
394;EE Indigena Tupajakui;33;Vespertino;151;;
395;CETI Tarcila Prado de Negreiros Mendes;33;Noturno;151;;
396;EE Pres Castello Branco;34;Matutino;152;;
397;EE Armando de Souza Mendes;34;Vespertino;152;;
398;EE Ipixuna;34;Noturno;152;;
399;EE Isaias Vasconcelos;35;Matutino;153;;
400;EE Senador Joao Bosco Ramos de Lima;35;Vespertino;153;;
401;EE Cecilia Carneiro de Oliveira;35;Noturno;154;;
402;EE Thomas Eugene Lovejoy;35;Matutino;155;;
403;CETI Maria Izabel Ferreira Xavier Desterro E Silva;35;Vespertino;155;;
404;EE Elias Novoa Alvarez;35;Noturno;155;;
405;Anexo da EE Elias Novoa;35;Matutino;156;;
406;Anexo da EE Elias Novoa;35;Vespertino;156;;
407;EE Coronel Cruz;36;Noturno;156;;
408;EE Deputado Vital de Mendonca;36;Matutino;157;;
409;EE Prof. Fernando Ellis Ribeiro;36;Vespertino;157;;
410;EE Jose Carlos Martins Mestrinho;36;Noturno;157;;
411;EE Capitao-General Mendonca Furtado;36;Matutino;158;;
412;EE Profa. Luiza de Vasconcelos Dias;36;Vespertino;158;;
413;EE Senador Joao Bosco Ramos de Lima;36;Noturno;158;;
414;EE Sergio Mendonca de Aquino;36;Matutino;159;;
415;EE Anilia Nogueira da Silva;36;Vespertino;159;;
416;EE Maria Ivone de Araujo Leite;36;Noturno;159;;
417;EE Profa. Mirtes Rosa Mendes de Mendonca Lima;36;Integral;160;;
418;EE Dep Joao Valerio de Oliveira;36;Matutino;161;;
419;EE Prof. Vicente Geraldo de Mendonca Lima;36;Vespertino;161;;
420;EE Prof. Ronaldo Marques da Silva;36;Noturno;161;;
421;EE Profa. Berezith Nascimento da Silva;36;Matutino;162;;
422;CETI Dom Jorge Edward Marskell;36;Vespertino;162;;
423;EE Santos Dumont;37;Noturno;162;;
424;EETI Francidene Soares Barroso;37;Matutino;163;;
425;EE Quito Tatikawa;38;Vespertino;163;;
426;EETI Tereza dos Santos;38;Noturno;163;;
427;EE Prof. Mileto Batista;38;Matutino;164;;
428;EE Yamamay;38;Vespertino;164;;
429;EE Castelo Branco;39;Noturno;164;;
430;EE Raimundo Roberto;39;Integral;165;;
431;EE Duque de Caxias;39;Matutino;166;;
432;EE Dorothea de Souza Braga;39;Vespertino;166;;
433;EE Armando Berredo;40;Noturno;166;;
434;EE Prof. Romerito da Silva Brito;40;Matutino;167;;
435;EE Profa. Altina Gomes de Oliveira;40;Vespertino;167;;
436;EE Pe Joao Van Den;41;Noturno;167;;
437;EE Sao Francisco;41;Matutino;168;;
438;EE Irma Bruna;41;Vespertino;168;;
439;EE Indigena Joaquim Romao;41;Noturno;168;;
440;EETI Profª Balbina Mestrinho;42;Matutino;169;;
441;Educandario Santa Rita;42;Vespertino;169;;
442;EE Santo Agostinho;42;Noturno;169;;
443;EE Thome de Medeiros Raposo;42;Matutino;170;;
444;CETI Agostinho Ernesto de Almeida;42;Vespertino;170;;
445;EE Carlos Pinho;43;Noturno;170;;
446;EE Castello Branco;43;Matutino;171;;
447;EE Eurico Gaspar Dutra;43;Vespertino;171;;
448;EE Januario Santana;43;Noturno;171;;
449;EE Joaquim de Souza Coelho;43;Integral;172;;
450;EE Jose Kallil Assaf;43;Matutino;173;;
451;EE Leopoldo Neves;43;Vespertino;173;;
452;EE Magnolia Ventura;43;Noturno;173;;
453;EE Mario Silva Dalmeida;43;Matutino;174;;
454;EE Nossa Senhora de Nazare;43;Vespertino;174;;
455;EE Regina Fernandes;43;Noturno;174;;
456;EE Jose Mota;43;Matutino;175;;
457;EE Agra Reis;43;Vespertino;175;;
458;EE Andre Vidal de Araujo;43;Noturno;175;;
459;EE Virgilia Alexandre Maddy;43;Matutino;176;;
460;EE Jose Seffair;43;Vespertino;176;;
461;EE Jamil Seffair;43;Noturno;176;;
462;EE Nossa Senhora do Rosario;43;Matutino;177;;
463;EE Prof. Gilberto Mestrinho;43;Vespertino;177;;
464;CETI Prefeito Washington Luis Regis Da Silva;43;Noturno;177;;
465;EE Anselmo Jacob;44;Matutino;178;;
466;EE Aristeu Das Neves Bicho;45;Vespertino;178;;
467;EE Didimo Soares;45;Noturno;178;;
468;EE Nª Sª Das Gracas;45;Matutino;179;;
469;EE Hermenegildo de Campos;45;Vespertino;179;;
470;EE Senador Joao Bosco Ramos de Lima;45;Noturno;179;;
471;EE Pedro Aguirre;45;Integral;180;;
472;EE Maria Sa Mota;45;Integral;181;;
473;EE Santo Antonio do Matupy;45;Integral;182;;
474;EE Indigena Gomercindo Caetano de Oliveira;45;Matutino;183;;
475;EE Indigena Sao Jose;45;Vespertino;183;;
476;CETI Historiador Arindal Vinicius Da Fonseca Reis;45;Noturno;183;;
477;EE Joao Bosco Ramos de Lima;46;Matutino;184;;
478;EE Benta Solart;46;Vespertino;184;;
479;EE Prefeito Cicero Lopes da Silva;46;Noturno;184;;
480;EE Adelaide Cabral;47;Matutino;185;;
481;EE Castelo Branco;47;Vespertino;185;;
482;EE Clovis Negreiros;47;Noturno;185;;
483;EE Profa. Maria da Graca Nogueira;47;Matutino;186;;
484;EE Miriam Sakyama;47;Vespertino;186;;
485;EE Profa. Santina Felizola;47;Noturno;186;;
486;EE Sao Pedro;47;Matutino;187;;
487;EETI Walton Rodrigues Bizantino;47;Vespertino;187;;
488;EETI Prefeito Donga Michiles;47;Noturno;187;;
489;EE Joao Paulo II;47;Matutino;188;;
490;EE Prof. Gilberto Mestrinho;48;Vespertino;188;;
491;EE Sao Sebastiao do Corocoro;48;Noturno;188;;
492;EE Prof. Raimundo da Silva Melo;48;Matutino;189;;
493;EETI Profa. Enery Barbosa dos Santos;48;Vespertino;189;;
494;EE Povo Indigena Hexkaryana;48;Noturno;189;;
495;EE Engo Abilio Nery;49;Matutino;190;;
496;EE Profa. Isabel Barroncas;49;Vespertino;190;;
497;EE Profa. Maria Araujo Sales;49;Noturno;190;;
498;EE Prof. Jose Paula de Sa;49;Matutino;191;;
499;CETI Profa. Rosaria Marinho Paes;49;Vespertino;191;;
500;EETI Joaquim de Paula;50;Noturno;191;;
501;EETI Balbina Mestrinho;50;Matutino;192;;
502;EETI Danilo de Mattos Areosa;50;Vespertino;192;;
503;EE Guilherme Buzaglo;51;Noturno;192;;
504;EE Prof. Joaquim Canamary Gualberto;51;Matutino;193;;
505;EE Francisco de Sa;51;Vespertino;193;;
506;EE Julieta Lopes de Albuquerque;51;Noturno;193;;
507;EE J.W. Marriot Jr;51;Matutino;194;;
508;EETI Lourival Holanda Saraiva Neto;51;Vespertino;194;;
509;Colegio Batista de Parintins;52;Noturno;194;;
510;EE Araujo Filho;52;Matutino;195;;
511;EETI Brandao de Amorim;52;Vespertino;195;;
512;EE Gentil Belem;52;Noturno;195;;
513;EE Padre Jorge Freizzinni;52;Matutino;196;;
514;EE Ministro Waldemar Pedrosa;52;Vespertino;196;;
515;Colegio Nossa Senhora do Carmo;52;Noturno;196;;
516;EE Prof. Aderson de Menezes;52;Integral;197;;
517;EE Ryota Oyama;52;Integral;198;;
518;EE Sao Jose Operario;52;Matutino;199;;
519;EE Senador Alvaro Maia;52;Vespertino;199;;
520;EE Senador Joao Bosco;52;Noturno;199;;
521;EE Suzana de Jesus Azedo;52;Integral;200;;
522;EE Geny Bentes de Jesus;52;Matutino;201;;
523;EE Irma Sa;52;Vespertino;201;;
524;EE Tomaszinho Meirelles;52;Noturno;201;;
525;EE Dom Gino Malvestio;52;Matutino;202;;
526;EE de Caburi;52;Vespertino;202;;
527;EE Caetano Mendonca;52;Noturno;202;;
528;CETI Glaucio Goncalves;52;Matutino;203;;
529;Centro de Ensino Mediado Por Tecnologia de Parintins;52;Vespertino;203;;
530;EE Alberto de A. Correa;53;Noturno;203;;
531;EE Frei Mario Sabino;53;Matutino;204;;
532;EE Cruzeiro do Ceu;53;Vespertino;204;;
533;EE Maria Calderaro;54;Noturno;204;;
534;EETI Presidente Figueiredo;54;Matutino;205;;
535;EE de Balbina;54;Vespertino;205;;
536;CETI Maria Eva Dos Santos;54;Noturno;205;;
537;EE Raimundo Paz;55;Matutino;206;;
538;EE Rio Preto da Eva;55;Vespertino;206;;
539;EE Sagrada Familia;56;Noturno;206;;
540;EE Santa Isabel;56;Matutino;207;;
541;EETI Padre Schanaider;56;Vespertino;207;;
542;EE Presidente Vargas;57;Noturno;207;;
543;EE Santo Antonio;57;Matutino;208;;
544;EE Deuzalina Pinto Ribeiro;57;Vespertino;208;;
545;EE Dom Pedro I;57;Noturno;208;;
546;EE Eduardo Ribeiro;57;Matutino;209;;
547;EE Rosa Garcia;57;Vespertino;209;;
548;EE Tenente Antonio Joao;58;Noturno;209;;
549;EE Nossa Senhora da Imaculada Conceicao;58;Matutino;210;;
550;EE Indigena Duque de Caxias;58;Vespertino;210;;
551;EE Sao Miguel;58;Noturno;210;;
552;EE Dom Massa;58;Matutino;211;;
553;EE Sagrado Coracao;58;Vespertino;211;;
554;EE Dom Bosco;58;Noturno;211;;
555;EE Imaculada Conceicao;58;Integral;212;;
556;EE Nª Sª da Assuncao;58;Matutino;213;;
557;EE Sao Gabriel;58;Vespertino;213;;
558;EE Irma Ines Penha;58;Noturno;213;;
559;EE Sagrada Familia;58;Matutino;214;;
560;EE Indigena Yepamahsa Imikohorimahsa;58;Vespertino;214;;
561;EETI Indigena Pamuri Mahsa Wi I;58;Noturno;214;;
562;CETI Pedro Fukuyei Yamaguchi Ferreira;58;Matutino;215;;
563;EE Monsenhor Evangelista Cefalonia;59;Vespertino;215;;
564;EE Desembargador Joao Rebelo Correa;59;Noturno;215;;
565;EE Profa. Nilce Rocha Coelho;59;Matutino;216;;
566;EE Lauro de Almeida Castelo Branco;59;Vespertino;216;;
567;Centro Educacional Domenico Marzi;59;Noturno;216;;
568;EE Indigena Poguta;59;Integral;217;;
569;EE Indigena Genesio Custodio Manuel;59;Matutino;218;;
570;CETI Calixto Ribeiro;59;Vespertino;218;;
571;Centro Educacional 27 de Julho;60;Noturno;218;;
572;EETI Sao Sebastiao;60;Integral;219;;
573;EE Deputado Armando Mendes;60;Matutino;220;;
574;EE Fernando Ramos de Miranda;60;Vespertino;220;;
575;EE 5 de Setembro;61;Noturno;220;;
576;EE Humberto de Alencar Castelo Branco;61;Matutino;221;;
577;EE Marechal Rondon;62;Vespertino;221;;
578;EE Almirante Tamandare;62;Noturno;221;;
579;EE Conceicao Xavier de Alencar;62;Matutino;222;;
580;EE Pedro Teixeira;62;Vespertino;222;;
581;EE Duque de Caxias;62;Noturno;222;;
582;EE Belem do Solimoes;62;Integral;223;;
583;EE Prof. Raimundo da Silva Carvalho;62;Integral;224;;
584;EE Indigena Profa. Elecia Campos Manduca;62;Integral;225;;
585;CETI João Carlos Pereira dos Santos;62;Matutino;226;;
586;EE Antonio Ferreira de Oliveira;63;Vespertino;226;;
587;EE Marcelino Champagnat;63;Noturno;226;;
588;EE Marizita;63;Matutino;227;;
589;EE Alcyjara de Queiroz;64;Vespertino;227;;
590;EE Amelia Lima;64;Noturno;227;;
591;EE Antidio Borges Facanha;64;Matutino;228;;
592;EE Corintho Borges Facanha;64;Vespertino;228;;
593;EE Eduardo Ribeiro;64;Noturno;228;;
594;EE Eduardo Sa;64;Matutino;229;;
595;EE Frei Andre da Costa;64;Vespertino;229;;
596;EE Isidoro Goncalves de Souza;64;Noturno;229;;
597;EE Madre Maria Das Merces;64;Matutino;230;;
598;EE Nossa Senhora Das Gracas;64;Vespertino;230;;
599;Centro Educacional Governador Gilberto Mestrinho;64;Noturno;230;;
600;EE Sao Jose;64;Matutino;231;;
601;EE Santa Thereza;64;Vespertino;231;;
602;EE Dep. Armando de Souza Mendes;64;Noturno;231;;
603;EE Getulio Vargas;64;Matutino;232;;
604;EE Profa. Nazira Litaiff Moriz;64;Vespertino;232;;
605;CETI Francisco Helio Bezerra Bessa;64;Noturno;232;;
606;EE Sao Francisco;65;Matutino;233;;
607;EE Madre Regina Protmann;65;Vespertino;233;;
608;EE Hermano Stradelli;66;Noturno;233;;
609;EE Edson Melo;66;Matutino;234;;
610;EE Profa. Cinthia Regia Gomes do Livramento;66;Vespertino;234;;
611;EETI Prof. Lazaro Ramos;67;Noturno;234;;
612;EE Balbina Mestrinho;67;Matutino;235;;
613;CETI Pedro Falabella;67;Vespertino;235;;
614;EE Esperanca;68;Noturno;235;;
615;EE Licinio Jose de Araujo;68;Matutino;236;;
616;EE Maria Arruda;68;Vespertino;236;;
617;EE Prof. Armando Kettle;68;Noturno;236;;
;;;Matutino;237;;
;;;Vespertino;237;;
;;;Noturno;237;;
;;;Matutino;238;;
;;;Vespertino;238;;
;;;Noturno;238;;
;;;Matutino;239;;
;;;Vespertino;239;;
;;;Noturno;239;;
;;;Matutino;240;;
;;;Vespertino;240;;
;;;Noturno;240;;
;;;Matutino;241;;
;;;Vespertino;241;;
;;;Noturno;241;;
;;;Matutino;242;;
;;;Vespertino;242;;
;;;Noturno;242;;
;;;Matutino;243;;
;;;Vespertino;243;;
;;;Noturno;243;;
;;;Matutino;244;;
;;;Vespertino;244;;
;;;Noturno;244;;
;;;Matutino;245;;
;;;Vespertino;245;;
;;;Noturno;245;;
;;;Matutino;246;;
;;;Vespertino;246;;
;;;Noturno;246;;
;;;Matutino;247;;
;;;Vespertino;247;;
;;;Noturno;247;;
;;;Matutino;248;;
;;;Vespertino;248;;
;;;Noturno;248;;
;;;Matutino;249;;
;;;Vespertino;249;;
;;;Noturno;249;;
;;;Matutino;250;;
;;;Vespertino;250;;
;;;Noturno;250;;
;;;Matutino;251;;
;;;Vespertino;251;;
;;;Noturno;251;;
;;;Matutino;252;;
;;;Vespertino;252;;
;;;Noturno;252;;
;;;Matutino;253;;
;;;Vespertino;253;;
;;;Noturno;253;;
;;;Matutino;254;;
;;;Vespertino;254;;
;;;Noturno;254;;
;;;Integral;255;;
;;;Matutino;256;;
;;;Vespertino;256;;
;;;Noturno;256;;
;;;Matutino;257;;
;;;Vespertino;257;;
;;;Noturno;257;;
;;;Matutino;258;;
;;;Vespertino;258;;
;;;Noturno;258;;
;;;Matutino;259;;
;;;Vespertino;259;;
;;;Noturno;259;;
;;;Matutino;260;;
;;;Vespertino;260;;
;;;Noturno;260;;
;;;Matutino;261;;
;;;Vespertino;261;;
;;;Noturno;261;;
;;;Matutino;262;;
;;;Vespertino;262;;
;;;Noturno;262;;
;;;Matutino;263;;
;;;Vespertino;263;;
;;;Noturno;263;;
;;;Matutino;264;;
;;;Vespertino;264;;
;;;Noturno;264;;
;;;Matutino;265;;
;;;Vespertino;265;;
;;;Noturno;265;;
;;;Matutino;266;;
;;;Vespertino;266;;
;;;Noturno;266;;
;;;Matutino;267;;
;;;Vespertino;267;;
;;;Noturno;267;;
;;;Matutino;268;;
;;;Vespertino;268;;
;;;Noturno;268;;
;;;Matutino;269;;
;;;Vespertino;269;;
;;;Noturno;269;;
;;;Matutino;270;;
;;;Vespertino;270;;
;;;Noturno;270;;
;;;Matutino;271;;
;;;Vespertino;271;;
;;;Noturno;271;;
;;;Matutino;272;;
;;;Vespertino;272;;
;;;Noturno;272;;
;;;Matutino;273;;
;;;Vespertino;273;;
;;;Noturno;273;;
;;;Matutino;274;;
;;;Vespertino;274;;
;;;Noturno;274;;
;;;Matutino;275;;
;;;Vespertino;275;;
;;;Noturno;275;;
;;;Integral;276;;
;;;Matutino;277;;
;;;Vespertino;277;;
;;;Noturno;277;;
;;;Matutino;278;;
;;;Vespertino;278;;
;;;Noturno;278;;
;;;Matutino;279;;
;;;Vespertino;279;;
;;;Noturno;279;;
;;;Matutino;280;;
;;;Vespertino;280;;
;;;Noturno;280;;
;;;Matutino;281;;
;;;Vespertino;281;;
;;;Noturno;281;;
;;;Matutino;282;;
;;;Vespertino;282;;
;;;Noturno;282;;
;;;Matutino;283;;
;;;Vespertino;283;;
;;;Noturno;283;;
;;;Matutino;284;;
;;;Vespertino;284;;
;;;Noturno;284;;
;;;Matutino;285;;
;;;Vespertino;285;;
;;;Noturno;285;;
;;;Matutino;286;;
;;;Vespertino;286;;
;;;Noturno;286;;
;;;Integral;287;;
;;;Matutino;288;;
;;;Vespertino;288;;
;;;Noturno;288;;
;;;Matutino;289;;
;;;Vespertino;289;;
;;;Noturno;289;;
;;;Integral;290;;
;;;Matutino;291;;
;;;Vespertino;291;;
;;;Noturno;291;;
;;;Matutino;292;;
;;;Vespertino;292;;
;;;Noturno;292;;
;;;Matutino;293;;
;;;Vespertino;293;;
;;;Noturno;293;;
;;;Matutino;294;;
;;;Vespertino;294;;
;;;Noturno;294;;
;;;Matutino;295;;
;;;Vespertino;295;;
;;;Noturno;295;;
;;;Matutino;296;;
;;;Vespertino;296;;
;;;Noturno;296;;
;;;Matutino;297;;
;;;Vespertino;297;;
;;;Noturno;297;;
;;;Integral;298;;
;;;Matutino;299;;
;;;Vespertino;299;;
;;;Noturno;299;;
;;;Matutino;300;;
;;;Vespertino;300;;
;;;Noturno;300;;
;;;Matutino;301;;
;;;Vespertino;301;;
;;;Noturno;301;;
;;;Matutino;302;;
;;;Vespertino;302;;
;;;Noturno;302;;
;;;Matutino;303;;
;;;Vespertino;303;;
;;;Noturno;303;;
;;;Integral;304;;
;;;Integral;305;;
;;;Integral;306;;
;;;Matutino;307;;
;;;Vespertino;307;;
;;;Noturno;307;;
;;;Matutino;308;;
;;;Vespertino;308;;
;;;Noturno;308;;
;;;Matutino;309;;
;;;Vespertino;309;;
;;;Noturno;309;;
;;;Matutino;310;;
;;;Vespertino;310;;
;;;Noturno;310;;
;;;Matutino;311;;
;;;Vespertino;311;;
;;;Noturno;311;;
;;;Matutino;312;;
;;;Vespertino;312;;
;;;Noturno;312;;
;;;Matutino;313;;
;;;Vespertino;313;;
;;;Noturno;313;;
;;;Matutino;314;;
;;;Vespertino;314;;
;;;Noturno;314;;
;;;Matutino;315;;
;;;Vespertino;315;;
;;;Noturno;315;;
;;;Matutino;316;;
;;;Vespertino;316;;
;;;Noturno;316;;
;;;Matutino;317;;
;;;Vespertino;317;;
;;;Noturno;317;;
;;;Integral;318;;
;;;Matutino;319;;
;;;Vespertino;319;;
;;;Noturno;319;;
;;;Matutino;320;;
;;;Vespertino;320;;
;;;Noturno;320;;
;;;Matutino;321;;
;;;Vespertino;321;;
;;;Noturno;321;;
;;;Matutino;322;;
;;;Vespertino;322;;
;;;Noturno;322;;
;;;Matutino;323;;
;;;Vespertino;323;;
;;;Noturno;323;;
;;;Matutino;324;;
;;;Vespertino;324;;
;;;Noturno;324;;
;;;Matutino;325;;
;;;Vespertino;325;;
;;;Noturno;325;;
;;;Matutino;326;;
;;;Vespertino;326;;
;;;Noturno;326;;
;;;Matutino;327;;
;;;Vespertino;327;;
;;;Noturno;327;;
;;;Matutino;328;;
;;;Vespertino;328;;
;;;Noturno;328;;
;;;Matutino;329;;
;;;Vespertino;329;;
;;;Noturno;329;;
;;;Integral;330;;
;;;Integral;331;;
;;;Matutino;332;;
;;;Vespertino;332;;
;;;Noturno;332;;
;;;Integral;333;;
;;;Matutino;334;;
;;;Vespertino;334;;
;;;Noturno;334;;
;;;Matutino;335;;
;;;Vespertino;335;;
;;;Noturno;335;;
;;;Matutino;336;;
;;;Vespertino;336;;
;;;Noturno;336;;
;;;Matutino;337;;
;;;Vespertino;337;;
;;;Noturno;337;;
;;;Integral;338;;
;;;Matutino;339;;
;;;Vespertino;339;;
;;;Noturno;339;;
;;;Matutino;340;;
;;;Vespertino;340;;
;;;Noturno;340;;
;;;Matutino;341;;
;;;Vespertino;341;;
;;;Noturno;341;;
;;;Matutino;342;;
;;;Vespertino;342;;
;;;Noturno;342;;
;;;Matutino;343;;
;;;Vespertino;343;;
;;;Noturno;343;;
;;;Matutino;344;;
;;;Vespertino;344;;
;;;Noturno;344;;
;;;Matutino;345;;
;;;Vespertino;345;;
;;;Noturno;345;;
;;;Matutino;346;;
;;;Vespertino;346;;
;;;Noturno;346;;
;;;Matutino;347;;
;;;Vespertino;347;;
;;;Noturno;347;;
;;;Matutino;348;;
;;;Vespertino;348;;
;;;Noturno;348;;
;;;Matutino;349;;
;;;Vespertino;349;;
;;;Noturno;349;;
;;;Matutino;350;;
;;;Vespertino;350;;
;;;Noturno;350;;
;;;Matutino;351;;
;;;Vespertino;351;;
;;;Noturno;351;;
;;;Matutino;352;;
;;;Vespertino;352;;
;;;Noturno;352;;
;;;Matutino;353;;
;;;Vespertino;353;;
;;;Noturno;353;;
;;;Matutino;354;;
;;;Vespertino;354;;
;;;Noturno;354;;
;;;Matutino;355;;
;;;Vespertino;355;;
;;;Noturno;355;;
;;;Matutino;356;;
;;;Vespertino;356;;
;;;Noturno;356;;
;;;Matutino;357;;
;;;Vespertino;357;;
;;;Noturno;357;;
;;;Matutino;358;;
;;;Vespertino;358;;
;;;Noturno;358;;
;;;Integral;359;;
;;;Matutino;360;;
;;;Vespertino;360;;
;;;Noturno;360;;
;;;Matutino;361;;
;;;Vespertino;361;;
;;;Noturno;361;;
;;;Matutino;362;;
;;;Vespertino;362;;
;;;Noturno;362;;
;;;Matutino;363;;
;;;Vespertino;363;;
;;;Noturno;363;;
;;;Matutino;364;;
;;;Vespertino;364;;
;;;Noturno;364;;
;;;Matutino;365;;
;;;Vespertino;365;;
;;;Noturno;365;;
;;;Integral;366;;
;;;Matutino;367;;
;;;Vespertino;367;;
;;;Noturno;367;;
;;;Matutino;368;;
;;;Vespertino;368;;
;;;Noturno;368;;
;;;Matutino;369;;
;;;Vespertino;369;;
;;;Noturno;369;;
;;;Matutino;370;;
;;;Vespertino;370;;
;;;Noturno;370;;
;;;Matutino;371;;
;;;Vespertino;371;;
;;;Noturno;371;;
;;;Matutino;372;;
;;;Vespertino;372;;
;;;Noturno;372;;
;;;Matutino;373;;
;;;Vespertino;373;;
;;;Noturno;373;;
;;;Integral;374;;
;;;Matutino;375;;
;;;Vespertino;375;;
;;;Noturno;375;;
;;;Integral;376;;
;;;Matutino;377;;
;;;Vespertino;377;;
;;;Noturno;377;;
;;;Matutino;378;;
;;;Vespertino;378;;
;;;Noturno;378;;
;;;Matutino;379;;
;;;Vespertino;379;;
;;;Noturno;379;;
;;;Matutino;380;;
;;;Vespertino;380;;
;;;Noturno;380;;
;;;Matutino;381;;
;;;Vespertino;381;;
;;;Noturno;381;;
;;;Matutino;382;;
;;;Vespertino;382;;
;;;Noturno;382;;
;;;Matutino;383;;
;;;Vespertino;383;;
;;;Noturno;383;;
;;;Integral;384;;
;;;Matutino;385;;
;;;Vespertino;385;;
;;;Noturno;385;;
;;;Matutino;386;;
;;;Vespertino;386;;
;;;Noturno;386;;
;;;Matutino;387;;
;;;Vespertino;387;;
;;;Noturno;387;;
;;;Matutino;388;;
;;;Vespertino;388;;
;;;Noturno;388;;
;;;Matutino;389;;
;;;Vespertino;389;;
;;;Noturno;389;;
;;;Matutino;390;;
;;;Vespertino;390;;
;;;Noturno;390;;
;;;Matutino;391;;
;;;Vespertino;391;;
;;;Noturno;391;;
;;;Matutino;392;;
;;;Vespertino;392;;
;;;Noturno;392;;
;;;Matutino;393;;
;;;Vespertino;393;;
;;;Noturno;393;;
;;;Matutino;394;;
;;;Vespertino;394;;
;;;Noturno;394;;
;;;Integral;395;;
;;;Matutino;396;;
;;;Vespertino;396;;
;;;Noturno;396;;
;;;Matutino;397;;
;;;Vespertino;397;;
;;;Noturno;397;;
;;;Matutino;398;;
;;;Vespertino;398;;
;;;Noturno;398;;
;;;Matutino;399;;
;;;Vespertino;399;;
;;;Noturno;399;;
;;;Matutino;400;;
;;;Vespertino;400;;
;;;Noturno;400;;
;;;Matutino;401;;
;;;Vespertino;401;;
;;;Noturno;401;;
;;;Matutino;402;;
;;;Vespertino;402;;
;;;Noturno;402;;
;;;Integral;403;;
;;;Matutino;404;;
;;;Vespertino;404;;
;;;Noturno;404;;
;;;Matutino;405;;
;;;Vespertino;405;;
;;;Noturno;405;;
;;;Matutino;406;;
;;;Vespertino;406;;
;;;Noturno;406;;
;;;Matutino;407;;
;;;Vespertino;407;;
;;;Noturno;407;;
;;;Matutino;408;;
;;;Vespertino;408;;
;;;Noturno;408;;
;;;Matutino;409;;
;;;Vespertino;409;;
;;;Noturno;409;;
;;;Matutino;410;;
;;;Vespertino;410;;
;;;Noturno;410;;
;;;Matutino;411;;
;;;Vespertino;411;;
;;;Noturno;411;;
;;;Matutino;412;;
;;;Vespertino;412;;
;;;Noturno;412;;
;;;Matutino;413;;
;;;Vespertino;413;;
;;;Noturno;413;;
;;;Matutino;414;;
;;;Vespertino;414;;
;;;Noturno;414;;
;;;Matutino;415;;
;;;Vespertino;415;;
;;;Noturno;415;;
;;;Matutino;416;;
;;;Vespertino;416;;
;;;Noturno;416;;
;;;Matutino;417;;
;;;Vespertino;417;;
;;;Noturno;417;;
;;;Matutino;418;;
;;;Vespertino;418;;
;;;Noturno;418;;
;;;Matutino;419;;
;;;Vespertino;419;;
;;;Noturno;419;;
;;;Matutino;420;;
;;;Vespertino;420;;
;;;Noturno;420;;
;;;Matutino;421;;
;;;Vespertino;421;;
;;;Noturno;421;;
;;;Integral;422;;
;;;Matutino;423;;
;;;Vespertino;423;;
;;;Noturno;423;;
;;;Integral;424;;
;;;Matutino;425;;
;;;Vespertino;425;;
;;;Noturno;425;;
;;;Integral;426;;
;;;Matutino;427;;
;;;Vespertino;427;;
;;;Noturno;427;;
;;;Matutino;428;;
;;;Vespertino;428;;
;;;Noturno;428;;
;;;Matutino;429;;
;;;Vespertino;429;;
;;;Noturno;429;;
;;;Matutino;430;;
;;;Vespertino;430;;
;;;Noturno;430;;
;;;Matutino;431;;
;;;Vespertino;431;;
;;;Noturno;431;;
;;;Matutino;432;;
;;;Vespertino;432;;
;;;Noturno;432;;
;;;Matutino;433;;
;;;Vespertino;433;;
;;;Noturno;433;;
;;;Matutino;434;;
;;;Vespertino;434;;
;;;Noturno;434;;
;;;Matutino;435;;
;;;Vespertino;435;;
;;;Noturno;435;;
;;;Matutino;436;;
;;;Vespertino;436;;
;;;Noturno;436;;
;;;Matutino;437;;
;;;Vespertino;437;;
;;;Noturno;437;;
;;;Matutino;438;;
;;;Vespertino;438;;
;;;Noturno;438;;
;;;Matutino;439;;
;;;Vespertino;439;;
;;;Noturno;439;;
;;;Integral;440;;
;;;Matutino;441;;
;;;Vespertino;441;;
;;;Noturno;441;;
;;;Matutino;442;;
;;;Vespertino;442;;
;;;Noturno;442;;
;;;Matutino;443;;
;;;Vespertino;443;;
;;;Noturno;443;;
;;;Integral;444;;
;;;Matutino;445;;
;;;Vespertino;445;;
;;;Noturno;445;;
;;;Matutino;446;;
;;;Vespertino;446;;
;;;Noturno;446;;
;;;Matutino;447;;
;;;Vespertino;447;;
;;;Noturno;447;;
;;;Matutino;448;;
;;;Vespertino;448;;
;;;Noturno;448;;
;;;Matutino;449;;
;;;Vespertino;449;;
;;;Noturno;449;;
;;;Matutino;450;;
;;;Vespertino;450;;
;;;Noturno;450;;
;;;Matutino;451;;
;;;Vespertino;451;;
;;;Noturno;451;;
;;;Matutino;452;;
;;;Vespertino;452;;
;;;Noturno;452;;
;;;Matutino;453;;
;;;Vespertino;453;;
;;;Noturno;453;;
;;;Matutino;454;;
;;;Vespertino;454;;
;;;Noturno;454;;
;;;Matutino;455;;
;;;Vespertino;455;;
;;;Noturno;455;;
;;;Matutino;456;;
;;;Vespertino;456;;
;;;Noturno;456;;
;;;Matutino;457;;
;;;Vespertino;457;;
;;;Noturno;457;;
;;;Matutino;458;;
;;;Vespertino;458;;
;;;Noturno;458;;
;;;Matutino;459;;
;;;Vespertino;459;;
;;;Noturno;459;;
;;;Matutino;460;;
;;;Vespertino;460;;
;;;Noturno;460;;
;;;Matutino;461;;
;;;Vespertino;461;;
;;;Noturno;461;;
;;;Matutino;462;;
;;;Vespertino;462;;
;;;Noturno;462;;
;;;Matutino;463;;
;;;Vespertino;463;;
;;;Noturno;463;;
;;;Integral;464;;
;;;Matutino;465;;
;;;Vespertino;465;;
;;;Noturno;465;;
;;;Matutino;466;;
;;;Vespertino;466;;
;;;Noturno;466;;
;;;Matutino;467;;
;;;Vespertino;467;;
;;;Noturno;467;;
;;;Matutino;468;;
;;;Vespertino;468;;
;;;Noturno;468;;
;;;Matutino;469;;
;;;Vespertino;469;;
;;;Noturno;469;;
;;;Matutino;470;;
;;;Vespertino;470;;
;;;Noturno;470;;
;;;Matutino;471;;
;;;Vespertino;471;;
;;;Noturno;471;;
;;;Matutino;472;;
;;;Vespertino;472;;
;;;Noturno;472;;
;;;Matutino;473;;
;;;Vespertino;473;;
;;;Noturno;473;;
;;;Matutino;474;;
;;;Vespertino;474;;
;;;Noturno;474;;
;;;Matutino;475;;
;;;Vespertino;475;;
;;;Noturno;475;;
;;;Integral;476;;
;;;Matutino;477;;
;;;Vespertino;477;;
;;;Noturno;477;;
;;;Matutino;478;;
;;;Vespertino;478;;
;;;Noturno;478;;
;;;Matutino;479;;
;;;Vespertino;479;;
;;;Noturno;479;;
;;;Matutino;480;;
;;;Vespertino;480;;
;;;Noturno;480;;
;;;Matutino;481;;
;;;Vespertino;481;;
;;;Noturno;481;;
;;;Matutino;482;;
;;;Vespertino;482;;
;;;Noturno;482;;
;;;Matutino;483;;
;;;Vespertino;483;;
;;;Noturno;483;;
;;;Matutino;484;;
;;;Vespertino;484;;
;;;Noturno;484;;
;;;Matutino;485;;
;;;Vespertino;485;;
;;;Noturno;485;;
;;;Matutino;486;;
;;;Vespertino;486;;
;;;Noturno;486;;
;;;Integral;487;;
;;;Integral;488;;
;;;Matutino;489;;
;;;Vespertino;489;;
;;;Noturno;489;;
;;;Matutino;490;;
;;;Vespertino;490;;
;;;Noturno;490;;
;;;Matutino;491;;
;;;Vespertino;491;;
;;;Noturno;491;;
;;;Matutino;492;;
;;;Vespertino;492;;
;;;Noturno;492;;
;;;Integral;493;;
;;;Matutino;494;;
;;;Vespertino;494;;
;;;Noturno;494;;
;;;Matutino;495;;
;;;Vespertino;495;;
;;;Noturno;495;;
;;;Matutino;496;;
;;;Vespertino;496;;
;;;Noturno;496;;
;;;Matutino;497;;
;;;Vespertino;497;;
;;;Noturno;497;;
;;;Matutino;498;;
;;;Vespertino;498;;
;;;Noturno;498;;
;;;Integral;499;;
;;;Integral;500;;
;;;Integral;501;;
;;;Integral;502;;
;;;Matutino;503;;
;;;Vespertino;503;;
;;;Noturno;503;;
;;;Matutino;504;;
;;;Vespertino;504;;
;;;Noturno;504;;
;;;Matutino;505;;
;;;Vespertino;505;;
;;;Noturno;505;;
;;;Matutino;506;;
;;;Vespertino;506;;
;;;Noturno;506;;
;;;Matutino;507;;
;;;Vespertino;507;;
;;;Noturno;507;;
;;;Integral;508;;
;;;Matutino;509;;
;;;Vespertino;509;;
;;;Noturno;509;;
;;;Matutino;510;;
;;;Vespertino;510;;
;;;Noturno;510;;
;;;Integral;511;;
;;;Matutino;512;;
;;;Vespertino;512;;
;;;Noturno;512;;
;;;Matutino;513;;
;;;Vespertino;513;;
;;;Noturno;513;;
;;;Matutino;514;;
;;;Vespertino;514;;
;;;Noturno;514;;
;;;Matutino;515;;
;;;Vespertino;515;;
;;;Noturno;515;;
;;;Matutino;516;;
;;;Vespertino;516;;
;;;Noturno;516;;
;;;Matutino;517;;
;;;Vespertino;517;;
;;;Noturno;517;;
;;;Matutino;518;;
;;;Vespertino;518;;
;;;Noturno;518;;
;;;Matutino;519;;
;;;Vespertino;519;;
;;;Noturno;519;;
;;;Matutino;520;;
;;;Vespertino;520;;
;;;Noturno;520;;
;;;Matutino;521;;
;;;Vespertino;521;;
;;;Noturno;521;;
;;;Matutino;522;;
;;;Vespertino;522;;
;;;Noturno;522;;
;;;Matutino;523;;
;;;Vespertino;523;;
;;;Noturno;523;;
;;;Matutino;524;;
;;;Vespertino;524;;
;;;Noturno;524;;
;;;Matutino;525;;
;;;Vespertino;525;;
;;;Noturno;525;;
;;;Matutino;526;;
;;;Vespertino;526;;
;;;Noturno;526;;
;;;Matutino;527;;
;;;Vespertino;527;;
;;;Noturno;527;;
;;;Integral;528;;
;;;Matutino;529;;
;;;Vespertino;529;;
;;;Noturno;529;;
;;;Matutino;530;;
;;;Vespertino;530;;
;;;Noturno;530;;
;;;Matutino;531;;
;;;Vespertino;531;;
;;;Noturno;531;;
;;;Matutino;532;;
;;;Vespertino;532;;
;;;Noturno;532;;
;;;Matutino;533;;
;;;Vespertino;533;;
;;;Noturno;533;;
;;;Integral;534;;
;;;Matutino;535;;
;;;Vespertino;535;;
;;;Noturno;535;;
;;;Integral;536;;
;;;Matutino;537;;
;;;Vespertino;537;;
;;;Noturno;537;;
;;;Matutino;538;;
;;;Vespertino;538;;
;;;Noturno;538;;
;;;Matutino;539;;
;;;Vespertino;539;;
;;;Noturno;539;;
;;;Matutino;540;;
;;;Vespertino;540;;
;;;Noturno;540;;
;;;Integral;541;;
;;;Matutino;542;;
;;;Vespertino;542;;
;;;Noturno;542;;
;;;Matutino;543;;
;;;Vespertino;543;;
;;;Noturno;543;;
;;;Matutino;544;;
;;;Vespertino;544;;
;;;Noturno;544;;
;;;Matutino;545;;
;;;Vespertino;545;;
;;;Noturno;545;;
;;;Matutino;546;;
;;;Vespertino;546;;
;;;Noturno;546;;
;;;Matutino;547;;
;;;Vespertino;547;;
;;;Noturno;547;;
;;;Matutino;548;;
;;;Vespertino;548;;
;;;Noturno;548;;
;;;Matutino;549;;
;;;Vespertino;549;;
;;;Noturno;549;;
;;;Matutino;550;;
;;;Vespertino;550;;
;;;Noturno;550;;
;;;Matutino;551;;
;;;Vespertino;551;;
;;;Noturno;551;;
;;;Matutino;552;;
;;;Vespertino;552;;
;;;Noturno;552;;
;;;Matutino;553;;
;;;Vespertino;553;;
;;;Noturno;553;;
;;;Matutino;554;;
;;;Vespertino;554;;
;;;Noturno;554;;
;;;Matutino;555;;
;;;Vespertino;555;;
;;;Noturno;555;;
;;;Matutino;556;;
;;;Vespertino;556;;
;;;Noturno;556;;
;;;Matutino;557;;
;;;Vespertino;557;;
;;;Noturno;557;;
;;;Matutino;558;;
;;;Vespertino;558;;
;;;Noturno;558;;
;;;Matutino;559;;
;;;Vespertino;559;;
;;;Noturno;559;;
;;;Matutino;560;;
;;;Vespertino;560;;
;;;Noturno;560;;
;;;Integral;561;;
;;;Integral;562;;
;;;Matutino;563;;
;;;Vespertino;563;;
;;;Noturno;563;;
;;;Matutino;564;;
;;;Vespertino;564;;
;;;Noturno;564;;
;;;Matutino;565;;
;;;Vespertino;565;;
;;;Noturno;565;;
;;;Matutino;566;;
;;;Vespertino;566;;
;;;Noturno;566;;
;;;Matutino;567;;
;;;Vespertino;567;;
;;;Noturno;567;;
;;;Matutino;568;;
;;;Vespertino;568;;
;;;Noturno;568;;
;;;Matutino;569;;
;;;Vespertino;569;;
;;;Noturno;569;;
;;;Integral;570;;
;;;Matutino;571;;
;;;Vespertino;571;;
;;;Noturno;571;;
;;;Integral;572;;
;;;Matutino;573;;
;;;Vespertino;573;;
;;;Noturno;573;;
;;;Matutino;574;;
;;;Vespertino;574;;
;;;Noturno;574;;
;;;Matutino;575;;
;;;Vespertino;575;;
;;;Noturno;575;;
;;;Matutino;576;;
;;;Vespertino;576;;
;;;Noturno;576;;
;;;Matutino;577;;
;;;Vespertino;577;;
;;;Noturno;577;;
;;;Matutino;578;;
;;;Vespertino;578;;
;;;Noturno;578;;
;;;Matutino;579;;
;;;Vespertino;579;;
;;;Noturno;579;;
;;;Matutino;580;;
;;;Vespertino;580;;
;;;Noturno;580;;
;;;Matutino;581;;
;;;Vespertino;581;;
;;;Noturno;581;;
;;;Matutino;582;;
;;;Vespertino;582;;
;;;Noturno;582;;
;;;Matutino;583;;
;;;Vespertino;583;;
;;;Noturno;583;;
;;;Matutino;584;;
;;;Vespertino;584;;
;;;Noturno;584;;
;;;Integral;585;;
;;;Matutino;586;;
;;;Vespertino;586;;
;;;Noturno;586;;
;;;Matutino;587;;
;;;Vespertino;587;;
;;;Noturno;587;;
;;;Matutino;588;;
;;;Vespertino;588;;
;;;Noturno;588;;
;;;Matutino;589;;
;;;Vespertino;589;;
;;;Noturno;589;;
;;;Matutino;590;;
;;;Vespertino;590;;
;;;Noturno;590;;
;;;Matutino;591;;
;;;Vespertino;591;;
;;;Noturno;591;;
;;;Matutino;592;;
;;;Vespertino;592;;
;;;Noturno;592;;
;;;Matutino;593;;
;;;Vespertino;593;;
;;;Noturno;593;;
;;;Matutino;594;;
;;;Vespertino;594;;
;;;Noturno;594;;
;;;Matutino;595;;
;;;Vespertino;595;;
;;;Noturno;595;;
;;;Matutino;596;;
;;;Vespertino;596;;
;;;Noturno;596;;
;;;Matutino;597;;
;;;Vespertino;597;;
;;;Noturno;597;;
;;;Matutino;596;;
;;;Vespertino;596;;
;;;Noturno;596;;
;;;Matutino;597;;
;;;Vespertino;597;;
;;;Noturno;597;;
;;;Matutino;598;;
;;;Vespertino;598;;
;;;Noturno;598;;
;;;Matutino;599;;
;;;Vespertino;599;;
;;;Noturno;599;;
;;;Matutino;600;;
;;;Vespertino;600;;
;;;Noturno;600;;
;;;Matutino;601;;
;;;Vespertino;601;;
;;;Noturno;601;;
;;;Matutino;602;;
;;;Vespertino;602;;
;;;Noturno;602;;
;;;Matutino;603;;
;;;Vespertino;603;;
;;;Noturno;603;;
;;;Matutino;604;;
;;;Vespertino;604;;
;;;Noturno;604;;
;;;Integral;605;;
;;;Matutino;606;;
;;;Vespertino;606;;
;;;Noturno;606;;
;;;Matutino;607;;
;;;Vespertino;607;;
;;;Noturno;607;;
;;;Matutino;608;;
;;;Vespertino;608;;
;;;Noturno;608;;
;;;Matutino;609;;
;;;Vespertino;609;;
;;;Noturno;609;;
;;;Matutino;610;;
;;;Vespertino;610;;
;;;Noturno;610;;
;;;Integral;611;;
;;;Matutino;612;;
;;;Vespertino;612;;
;;;Noturno;612;;
;;;Integral;613;;
;;;Matutino;614;;
;;;Vespertino;614;;
;;;Noturno;614;;
;;;Matutino;615;;
;;;Vespertino;615;;
;;;Noturno;615;;
;;;Matutino;616;;
;;;Vespertino;616;;
;;;Noturno;616;;
;;;Matutino;617;;
;;;Vespertino;617;;
;;;Noturno;617;;
